{"cameraMode":{"drawMode":0,"name":"Shaded","section":"Shading Mode"},"sceneLighting":true,"audioPlay":false,"sceneViewState":{"m_AlwaysRefresh":false,"showFog":true,"showSkybox":true,"showFlares":true,"showImageEffects":true,"showParticleSystems":true,"showVisualEffectGraphs":true,"m_FxEnabled":true},"in2DMode":false,"pivot":{"x":8.864286422729493,"y":-4.445362091064453,"z":-1.4372711181640626},"rotation":{"x":-0.03438899666070938,"y":-0.07787653803825379,"z":-0.0026837403420358898,"w":0.9963867664337158},"size":57.31952667236328,"orthographic":false}