{"cameraMode":{"drawMode":0,"name":"Shaded","section":"Shading Mode"},"sceneLighting":true,"audioPlay":false,"sceneViewState":{"m_AlwaysRefresh":false,"showFog":true,"showSkybox":true,"showFlares":true,"showImageEffects":true,"showParticleSystems":true,"showVisualEffectGraphs":true,"m_FxEnabled":true},"in2DMode":false,"pivot":{"x":-2.1275062561035158,"y":7.919983386993408,"z":-0.14981460571289063},"rotation":{"x":-0.005995947867631912,"y":-0.035992491990327838,"z":-0.00021355805802159011,"w":0.9993531107902527},"size":31.957950592041017,"orthographic":false}