{"cameraMode":{"drawMode":0,"name":"Shaded","section":"Shading Mode"},"sceneLighting":true,"audioPlay":false,"sceneViewState":{"m_AlwaysRefresh":false,"showFog":true,"showSkybox":true,"showFlares":true,"showImageEffects":true,"showParticleSystems":true,"showVisualEffectGraphs":true,"m_FxEnabled":true},"in2DMode":false,"pivot":{"x":2.509408950805664,"y":8.712294578552246,"z":2.6100006103515627},"rotation":{"x":-0.03438899666070938,"y":-0.07787653803825379,"z":-0.0026837403420358898,"w":0.9963867664337158},"size":50.78077697753906,"orthographic":false}