{"cameraMode":{"drawMode":0,"name":"Shaded","section":"Shading Mode"},"sceneLighting":true,"audioPlay":false,"sceneViewState":{"m_AlwaysRefresh":false,"showFog":true,"showSkybox":true,"showFlares":true,"showImageEffects":true,"showParticleSystems":true,"showVisualEffectGraphs":true,"m_FxEnabled":true},"in2DMode":false,"pivot":{"x":3.3601512908935549,"y":6.398191452026367,"z":0.7141633033752441},"rotation":{"x":-0.03438899666070938,"y":-0.07787653803825379,"z":-0.0026837403420358898,"w":0.9963867664337158},"size":61.32805633544922,"orthographic":false}