{"cameraMode":{"drawMode":0,"name":"Shaded","section":"Shading Mode"},"sceneLighting":false,"audioPlay":false,"sceneViewState":{"m_AlwaysRefresh":false,"showFog":true,"showSkybox":false,"showFlares":true,"showImageEffects":true,"showParticleSystems":true,"showVisualEffectGraphs":true,"m_FxEnabled":true},"in2DMode":false,"pivot":{"x":1.6862983703613282,"y":7.897963523864746,"z":5.220001220703125},"rotation":{"x":-0.005995947867631912,"y":-0.035992491990327838,"z":-0.00021355805802159011,"w":0.9993531107902527},"size":49.556156158447269,"orthographic":false}