{"cameraMode":{"drawMode":0,"name":"Shaded","section":"Shading Mode"},"sceneLighting":false,"audioPlay":false,"sceneViewState":{"m_AlwaysRefresh":false,"showFog":true,"showSkybox":false,"showFlares":true,"showImageEffects":true,"showParticleSystems":true,"showVisualEffectGraphs":true,"m_FxEnabled":true},"in2DMode":false,"pivot":{"x":33.081336975097659,"y":2.8242955207824709,"z":17.785673141479493},"rotation":{"x":-0.11597806215286255,"y":-0.11297855526208878,"z":-0.013275534845888615,"w":0.9867372512817383},"size":16.773521423339845,"orthographic":false}