{"cameraMode":{"drawMode":0,"name":"Shaded","section":"Shading Mode"},"sceneLighting":false,"audioPlay":false,"sceneViewState":{"m_AlwaysRefresh":false,"showFog":true,"showSkybox":false,"showFlares":true,"showImageEffects":true,"showParticleSystems":true,"showVisualEffectGraphs":true,"m_FxEnabled":true},"in2DMode":false,"pivot":{"x":1.6862983703613282,"y":7.897963523864746,"z":5.220001220703125},"rotation":{"x":-0.03438899666070938,"y":-0.07787653803825379,"z":-0.0026837403420358898,"w":0.9963867664337158},"size":49.556156158447269,"orthographic":false}